{"cameraMode":{"drawMode":0,"name":"Shaded","section":"Shading Mode"},"sceneLighting":false,"audioPlay":false,"sceneViewState":{"showFog":true,"showMaterialUpdate":false,"showSkybox":false,"showFlares":true,"showImageEffects":true,"showParticleSystems":true},"in2DMode":false,"pivot":{"x":1.7599999904632569,"y":0.8100000023841858,"z":0.0},"rotation":{"x":0.17421074211597444,"y":-0.2269638329744339,"z":0.041303325444459918,"w":0.9573045969009399},"size":2.1086459159851076,"orthographic":false}