{"cameraMode":{"drawMode":0,"name":"Shaded","section":"Shading Mode"},"sceneLighting":true,"audioPlay":false,"sceneViewState":{"showFog":true,"showMaterialUpdate":true,"showSkybox":true,"showFlares":true,"showImageEffects":true,"showParticleSystems":true},"in2DMode":false,"pivot":{"x":-1.4418625831604005,"y":2.5123400688171388,"z":-14.564727783203125},"rotation":{"x":0.07839275896549225,"y":-0.3076143264770508,"z":0.0254395492374897,"w":0.9479350447654724},"size":6.958361625671387,"orthographic":false}